<?xml version="1.0" encoding="UTF-8" standalone="yes"?>
<addon id="plugin.program.sparksammymediacenter" name="SMC" version="1.0" provider-name="Sparksammy">
  <requires>
    <import addon="xbmc.python" version="2.1.0"/>
  </requires>
  <extension point="xbmc.python.pluginsource" library="default.py">
    <provides>executable</provides>
  </extension>
  <extension point="xbmc.service" library="startup.py" start="startup" />
  <extension point="xbmc.addon.metadata">
    <summary lang="en">SMC</summary>
    <description lang="en">SMC - Sparksammy's Media Center (not Super Melty Cheese.) Made for people who love cable, but hate the price.</description>
    <platform>all</platform>
  </extension>
</addon>